{"cameraMode":{"drawMode":0,"name":"Shaded","section":"Shading Mode"},"sceneLighting":true,"audioPlay":false,"sceneViewState":{"showFog":true,"showMaterialUpdate":true,"showSkybox":true,"showFlares":true,"showImageEffects":true,"showParticleSystems":true},"in2DMode":false,"pivot":{"x":242.48910522460938,"y":-1.564225435256958,"z":14.325716018676758},"rotation":{"x":0.09721411019563675,"y":0.019908005371689798,"z":-0.001957080326974392,"w":0.9950645565986633},"size":21.94940757751465,"orthographic":false}