{"cameraMode":{"drawMode":0,"name":"Shaded","section":"Shading Mode"},"sceneLighting":true,"audioPlay":false,"sceneViewState":{"showFog":true,"showMaterialUpdate":true,"showSkybox":true,"showFlares":true,"showImageEffects":true,"showParticleSystems":true},"in2DMode":false,"pivot":{"x":267.2565612792969,"y":3.401270627975464,"z":-23.787233352661134},"rotation":{"x":0.09716768562793732,"y":-0.03681227192282677,"z":0.003584562335163355,"w":0.9945822358131409},"size":5.313406944274902,"orthographic":false}