{"cameraMode":{"drawMode":0,"name":"Shaded","section":"Shading Mode"},"sceneLighting":true,"audioPlay":false,"sceneViewState":{"showFog":true,"showMaterialUpdate":true,"showSkybox":true,"showFlares":true,"showImageEffects":true,"showParticleSystems":true},"in2DMode":false,"pivot":{"x":339.1066589355469,"y":-2.1443068981170656,"z":31.079544067382814},"rotation":{"x":0.029877683147788049,"y":0.018495481461286546,"z":-0.0005661986651830375,"w":0.9993845224380493},"size":42.00551986694336,"orthographic":false}