{"cameraMode":{"drawMode":0,"name":"Shaded","section":"Shading Mode"},"sceneLighting":true,"audioPlay":false,"sceneViewState":{"showFog":true,"showMaterialUpdate":true,"showSkybox":true,"showFlares":true,"showImageEffects":true,"showParticleSystems":true},"in2DMode":false,"pivot":{"x":261.20001220703127,"y":206.3000030517578,"z":0.0},"rotation":{"x":0.07044238597154618,"y":0.0020923803094774486,"z":-0.00015397032257169485,"w":0.9975377917289734},"size":268.6005859375,"orthographic":false}