{"cameraMode":{"drawMode":0,"name":"Shaded","section":"Shading Mode"},"sceneLighting":true,"audioPlay":false,"sceneViewState":{"showFog":true,"showMaterialUpdate":true,"showSkybox":true,"showFlares":true,"showImageEffects":true,"showParticleSystems":true},"in2DMode":false,"pivot":{"x":357.11236572265627,"y":0.9274587035179138,"z":-0.0365368090569973},"rotation":{"x":0.02221771888434887,"y":0.12167225778102875,"z":-0.0027381302788853647,"w":0.9923235177993774},"size":7.175412654876709,"orthographic":false}